Model,F1 Macro,Accuracy
Logistic Regression,0.7627360926810143,0.7626666666666667
Linear SVM,0.7632270337734578,0.763625
